{"cameraMode":{"drawMode":0,"name":"Shaded","section":"Shading Mode"},"sceneLighting":true,"audioPlay":false,"sceneViewState":{"showFog":true,"showMaterialUpdate":true,"showSkybox":true,"showFlares":true,"showImageEffects":true,"showParticleSystems":true},"in2DMode":false,"pivot":{"x":0.0,"y":0.6873300075531006,"z":0.9342287182807922},"rotation":{"x":-0.31483137607574465,"y":0.6249212622642517,"z":-0.3044265806674957,"w":-0.6462809443473816},"size":18.966411590576173,"orthographic":false}