{"cameraMode":{"drawMode":0,"name":"Shaded","section":"Shading Mode"},"sceneLighting":true,"audioPlay":false,"sceneViewState":{"showFog":true,"showMaterialUpdate":true,"showSkybox":true,"showFlares":true,"showImageEffects":true,"showParticleSystems":true},"in2DMode":false,"pivot":{"x":-14.720733642578125,"y":0.9990963935852051,"z":1.6155991554260255},"rotation":{"x":-0.31483137607574465,"y":0.6249212622642517,"z":-0.3044265806674957,"w":-0.6462809443473816},"size":17.858116149902345,"orthographic":false}